9.970126253963921270e-01,9.723685459633066852e-01,1.026946693738874261e+00,9.903614440541476105e-01,9.680683733589920958e-01,1.009255688986266275e+00,1.032205359032965175e+00,9.667413672333649011e-01
9.939891939083258521e-01,9.680480352302760494e-01,1.017948073029632416e+00,1.020198338489681555e+00,9.675138345493332626e-01,9.932959016781991446e-01,1.008034050482998989e+00,1.010672872633235686e+00
1.004340862768853260e+00,9.581287453646545327e-01,1.042785677617675155e+00,1.035971082109126362e+00,9.775186565107971681e-01,1.021572061150161081e+00,1.077932768314535661e+00,1.090178890886205565e+00
9.817905550769137069e-01,9.560095781961917005e-01,1.030094914379950932e+00,1.034578444617564097e+00,9.479650829013297475e-01,1.047992891434086804e+00,1.059878275549255067e+00,1.048035882159991550e+00
9.846781599666367679e-01,9.468470387641074737e-01,1.042224158315175897e+00,1.035999695212961313e+00,9.457347857399286406e-01,1.075669516078413990e+00,1.040204051685100106e+00,9.903125591990260546e-01
9.886371776735145556e-01,9.749619289235658126e-01,1.043150710620959654e+00,1.044068308115570609e+00,9.595717292998643400e-01,1.066662239988960481e+00,9.901862410813008220e-01,9.663480640195640792e-01
9.980482045526842816e-01,9.761101381615057138e-01,1.031470172640707395e+00,1.080696809317189144e+00,9.387909085766443784e-01,1.033041155284866841e+00,1.060464541860711929e+00,1.000651012449807142e+00
9.876647355909119463e-01,9.805711178982251530e-01,1.045336738553814149e+00,1.066336676954344531e+00,9.632472375491527572e-01,1.076194856113380505e+00,1.119537709026967365e+00,1.033140294443465113e+00
9.814240206891191587e-01,9.868592458516394217e-01,1.049688672964170788e+00,1.043685446529737826e+00,9.596914694417789660e-01,1.079431266920017674e+00,1.149082947007821875e+00,1.085544006047574284e+00
9.689559043391007265e-01,9.778893365397992588e-01,1.048769520760038709e+00,1.037076291195766276e+00,9.840327791090009990e-01,1.022988338354986038e+00,1.114515800322973593e+00,1.130962941606035388e+00
9.597830077253964864e-01,9.702117304263427888e-01,1.032423821907139772e+00,1.032247036136652252e+00,1.003709153151354005e+00,1.070339014709614789e+00,1.094185228986692016e+00,1.181936207955349927e+00
9.686114385470619981e-01,9.671527245071238621e-01,1.052513845386432889e+00,1.037173966801867131e+00,9.769166574782192081e-01,1.105023576758371817e+00,1.101812985626818620e+00,1.269883255777763509e+00
9.903512298259919966e-01,9.761798880181876692e-01,1.021926762548892142e+00,1.051301730897375331e+00,9.701045731564538199e-01,1.118066933277007680e+00,1.060245408979722859e+00,1.227692095782509485e+00
1.001223349334529722e+00,9.720307812922514001e-01,9.979559752429889574e-01,1.061255246966275045e+00,9.316139701894265990e-01,1.125367529115584908e+00,1.063510691882758374e+00,1.229520372223361635e+00
9.850628088607394917e-01,9.957558121299668885e-01,9.939064250273337287e-01,1.035306983505734246e+00,9.389663225390790791e-01,1.157666269444637797e+00,1.081696892331173387e+00,1.202571697564141173e+00
9.897381536709723981e-01,1.006246223232071024e+00,9.908258250033000758e-01,1.068879840159022487e+00,9.564642527413802497e-01,1.163435063311481832e+00,1.066289596723689614e+00,1.194337124472044209e+00
9.929782529777387845e-01,1.016226183632790381e+00,9.968307619519152230e-01,1.055003156655614394e+00,9.344571113604740464e-01,1.135541885775322113e+00,1.050732757826679631e+00,1.216145278163581311e+00
9.963060191443402491e-01,1.032500760114988259e+00,9.999092906555951954e-01,1.039980726788986010e+00,9.284688652601789105e-01,1.183695972260022211e+00,1.110948972990776662e+00,1.196886511033990574e+00
9.992371314153452033e-01,1.036474375402097303e+00,1.003200268118846328e+00,1.036617253954346785e+00,9.629342345500390143e-01,1.200077890487929233e+00,1.106246584602709859e+00,1.222080047314960005e+00
9.986234156068840573e-01,1.054450506859532455e+00,9.960741374334540765e-01,1.048976420666352771e+00,9.681082382475454384e-01,1.170622331940680327e+00,1.048394647191512652e+00,1.168676081544287149e+00
9.901371792625943691e-01,1.074606864809597218e+00,9.833944993945438195e-01,1.063742259551542224e+00,9.851755321639916740e-01,1.176864293356945534e+00,1.044519196035225583e+00,1.172168442952332246e+00
1.002916580150921444e+00,1.080658219018643340e+00,9.855583952106242718e-01,1.050244288312263352e+00,9.850468707401660584e-01,1.147098164016324251e+00,1.038173717403855667e+00,1.177978613577424394e+00
1.000502857219352171e+00,1.099637150457177581e+00,1.009119967229704429e+00,1.053501037790695261e+00,9.897144382182334610e-01,1.137471352550181836e+00,1.021590111037176118e+00,1.192841156161998928e+00
1.000830649813738482e+00,1.102864209678490193e+00,1.016332908909886479e+00,1.047796581418885653e+00,9.696097943618865456e-01,1.123295214526334185e+00,9.487927815284272759e-01,1.173963659192668540e+00
9.995938880624897216e-01,1.099305277172746953e+00,1.015681163821350541e+00,1.043819565285215134e+00,9.027889329596936463e-01,1.131146571486149721e+00,9.471932460717653601e-01,1.184518014128747465e+00
9.925825594891657389e-01,1.099080749944821189e+00,1.013528181351601276e+00,1.045071571466712701e+00,9.183690923728253797e-01,1.200326574016790326e+00,9.324264050596465792e-01,1.215373237094641068e+00
1.006567566017270821e+00,1.091273192391285507e+00,9.926542177336301620e-01,1.040994339716161177e+00,9.319294814217462530e-01,1.220867843509219286e+00,9.421194281297963213e-01,1.214327445725697174e+00
1.004122464553994565e+00,1.088994358811837593e+00,9.852792301934099051e-01,1.017770407017414946e+00,9.334668073714039727e-01,1.198975185111306851e+00,9.544890140569840531e-01,1.253977747155195832e+00
1.011023800140374407e+00,1.069354623397102966e+00,9.882280280063857614e-01,9.954112559806946869e-01,9.063495791177085259e-01,1.174272939032814822e+00,9.169726052721874909e-01,1.297534630146454537e+00
1.009932693828307970e+00,1.077820409692958892e+00,9.863209837785529288e-01,1.016489859225922388e+00,8.989125018327416283e-01,1.186369493920860885e+00,9.207441085789358493e-01,1.289892900832201317e+00
9.925784605403166205e-01,1.086823576882835596e+00,9.825238639953648434e-01,1.026303664298816143e+00,8.807269539021679305e-01,1.196317079601670885e+00,9.303427579523784186e-01,1.305449948420892570e+00
9.924855894584819760e-01,1.097364458219203920e+00,9.581936080114880072e-01,1.014406083612861886e+00,8.989008479054108047e-01,1.258319076008663329e+00,9.423848085905279781e-01,1.246193177371028860e+00
9.882484138104448146e-01,1.096684943926815814e+00,9.568633271912833083e-01,1.015626234316382215e+00,9.625220024731577784e-01,1.261580269729172699e+00,9.475695696444770277e-01,1.273871850019538066e+00
9.779650905696176677e-01,1.081872462368152377e+00,9.641286726124617124e-01,1.040818177286678470e+00,9.702467278523004834e-01,1.285063717545104067e+00,9.395946938064612119e-01,1.319591567787653075e+00
9.731154452562965629e-01,1.071669743609268144e+00,9.442118382028621415e-01,1.067561213832615152e+00,9.571819669978260947e-01,1.243695925093642130e+00,9.246548612682093937e-01,1.386112853292216673e+00
9.838840280490365187e-01,1.051676489801245618e+00,9.353073083916825237e-01,1.061778921190281721e+00,9.487486364943814587e-01,1.197459181842446485e+00,8.945201383801276718e-01,1.332649275456816440e+00
9.901676338806054689e-01,1.028749108007082969e+00,9.236981793577911937e-01,1.082683530365465385e+00,9.646865619255347024e-01,1.166385721285032817e+00,9.038016552281836757e-01,1.277930755368735349e+00
9.957896438457666255e-01,1.021561995437912040e+00,9.129188237418918161e-01,1.100001372686671752e+00,9.842528566371447907e-01,1.173418505656612210e+00,9.169227081345475705e-01,1.363398228537550771e+00
1.002018249535589156e+00,1.036795166006697633e+00,9.121136828625759918e-01,1.108653813134787391e+00,1.002648930690348106e+00,1.154094231177771324e+00,9.554744088095172838e-01,1.360013898293690460e+00
1.008337236293157080e+00,1.037482243565113871e+00,9.036918538006487589e-01,1.104879379280500284e+00,1.001266171591446597e+00,1.198517314814641521e+00,9.758347032189355064e-01,1.318316155765812736e+00
1.005996916673145058e+00,1.016896729989294146e+00,8.987154770529898196e-01,1.117401133706122263e+00,9.720687847147062577e-01,1.188952290711446258e+00,9.394975194644124006e-01,1.285887741247373262e+00
1.004213170058631643e+00,1.016491003794582904e+00,8.988118457034598441e-01,1.107892312164698634e+00,1.015560784410896700e+00,1.186590892348226900e+00,9.540844302356259465e-01,1.280622652760171842e+00
1.001815272150967884e+00,1.028733438491191921e+00,8.935712033779276142e-01,1.098639090846859956e+00,9.817353202795426892e-01,1.231140987045715729e+00,9.715530581209302907e-01,1.289680237098058679e+00
1.000824164484326761e+00,1.025625850880011125e+00,9.186090259691837012e-01,1.078540548401318189e+00,9.872736192077300466e-01,1.232289201977193382e+00,9.760983279389654488e-01,1.213643200416600454e+00
9.920442860253146922e-01,1.003686529173209996e+00,9.492852236585511694e-01,1.060473909925295111e+00,9.800764104661813247e-01,1.195676350259931686e+00,9.514223114534793302e-01,1.180549894038905867e+00
9.846562076125042751e-01,1.025555434913823616e+00,9.511739151710378870e-01,1.042130577121021195e+00,9.967127160777555783e-01,1.184955700312545046e+00,9.726574809006750533e-01,1.167574073030510640e+00
9.909034372277200076e-01,1.011717089379398526e+00,9.541831361817547652e-01,1.066197423061006067e+00,9.850841533569154596e-01,1.119229603534070749e+00,9.806753933215476282e-01,1.186727955832407533e+00
9.842189984979038408e-01,9.969566561249636472e-01,9.404501625084826788e-01,1.083762052684237753e+00,9.620131657227887212e-01,1.132367189776523730e+00,9.932687258732687541e-01,1.170652657068176339e+00
9.943467884011906177e-01,1.008378047151978540e+00,9.314046392950264819e-01,1.090394405866935701e+00,9.798654196300219388e-01,1.111733272807240214e+00,9.985584813761074763e-01,1.159919422753689977e+00
9.969427812945468315e-01,1.007191064899838562e+00,9.359452036698396871e-01,1.085796905429506243e+00,9.724102802514428268e-01,1.063270037605952290e+00,9.942460449443589754e-01,1.158787044359070872e+00
9.920068729717377298e-01,9.872574114406399426e-01,9.511981768151954730e-01,1.087050610091874647e+00,9.455599276327972813e-01,1.051611014163050806e+00,9.807309636756620375e-01,1.222305842859386926e+00
9.785650731902285626e-01,1.000056160640773850e+00,9.593346324611495834e-01,1.083851392287696225e+00,9.540284998189941801e-01,1.064120449935808344e+00,1.007896073309367591e+00,1.226596148889526061e+00
9.703321047708677316e-01,9.927225587981207688e-01,9.858955390562849086e-01,1.057161575769126616e+00,9.042306869428653471e-01,1.051378843242363859e+00,1.007015239850531874e+00,1.259604509871002920e+00
9.832504425357259104e-01,9.800845531744125649e-01,9.893082674944787547e-01,1.046812471384706456e+00,9.372125685701809816e-01,1.056717780442629095e+00,9.869936543423142306e-01,1.243481005232329961e+00
9.863597635511903716e-01,1.001928890551002205e+00,9.655953473574747647e-01,1.051417350001395246e+00,9.644681785959683396e-01,1.083968238955333341e+00,9.577402697328162295e-01,1.254220353518760156e+00
9.890827166403465265e-01,9.878859114241009820e-01,9.687686321915099930e-01,1.075335591619130282e+00,9.683922971173710703e-01,1.074674379902457177e+00,9.441326505835161420e-01,1.307055520779755398e+00
9.905107562535397925e-01,9.848706005876062264e-01,9.602977495185690548e-01,1.048404008251377695e+00,9.426448894277477120e-01,1.080273609542701907e+00,9.479318584522229418e-01,1.383088140247900277e+00
9.861573234710862002e-01,9.640104015178873054e-01,9.830930793081795738e-01,1.049002507936049433e+00,9.670930623158473516e-01,1.083896288337660607e+00,9.961974480795546816e-01,1.393961726580326355e+00
9.990559685623912056e-01,9.725617242063326895e-01,9.935144218530098659e-01,1.069453068233496174e+00,9.770688120223331996e-01,1.112639423133985117e+00,9.931748762855767687e-01,1.443650359025113072e+00
9.888190425693093033e-01,9.455560066994167512e-01,1.006187660868198996e+00,1.057515555248234485e+00,9.658247322113263644e-01,1.115254011345401253e+00,1.025052632148284681e+00,1.495281389787162851e+00
9.979084534703681619e-01,9.583597582933355286e-01,1.038634127805243335e+00,1.071066981683428176e+00,9.952316825743822148e-01,1.042980910878258172e+00,1.019636368323121545e+00,1.451450035927195792e+00
1.003213385872581354e+00,9.472509534567786771e-01,1.035629104230538333e+00,1.055784478305513696e+00,9.915742977415137327e-01,1.004590900748442595e+00,1.004550185153696429e+00,1.567963745218477589e+00
1.011586375421337447e+00,9.450454586220508046e-01,1.037855551777428831e+00,1.072406458129134821e+00,9.899472993271939414e-01,1.014647726969311048e+00,1.005817124146655583e+00,1.598648513972886098e+00
1.011052348763918030e+00,9.505145164717333506e-01,1.035145141611874431e+00,1.039629376083786472e+00,9.796031770009564488e-01,9.905042107525123818e-01,1.048755892151908009e+00,1.671011203353643504e+00
1.013689752851790304e+00,9.547395348577316643e-01,1.045093500518025742e+00,1.043973856212152107e+00,9.938166447982019758e-01,9.644544838486124316e-01,1.038320975209653163e+00,1.786037087236660437e+00
1.004769333347799165e+00,9.623758687208557872e-01,1.052908999682713009e+00,1.036474950503092796e+00,9.875826187000830148e-01,9.514039542187860965e-01,1.018252718415285418e+00,1.668078831088307012e+00
1.020386691896656428e+00,9.742332024259794387e-01,1.055383842284809193e+00,1.046575378615152596e+00,9.579581071900123979e-01,9.648106698927401137e-01,1.038269423009696268e+00,1.710590253303168051e+00
1.031397145951223449e+00,9.695753336109356191e-01,1.033095338735733781e+00,1.025967238512879298e+00,9.732510274173712395e-01,9.665142557660658662e-01,1.043899367797887168e+00,1.807600499156212015e+00
1.031171340218439036e+00,9.695720424333519327e-01,1.048494799741445105e+00,1.024907277773954073e+00,9.404534508527508940e-01,9.001844252298878413e-01,1.093818024622454033e+00,1.791919427274965004e+00
1.034717437009601060e+00,9.827704501944026783e-01,1.048475586401934390e+00,1.047746722628328575e+00,9.275144532185133350e-01,9.295462122853989095e-01,1.040132778593299667e+00,1.788796847304148008e+00
1.039679887627810162e+00,9.721317421458094410e-01,1.071032778669918972e+00,1.083933677270420892e+00,9.290945215118155964e-01,8.960454360517822181e-01,1.049309601927266744e+00,1.786575380615006425e+00
1.048748104874503762e+00,9.875612306288737985e-01,1.075772129201118199e+00,1.113181046486480641e+00,9.256562144867820363e-01,8.998844990136148914e-01,1.077320025543075932e+00,1.805543318411525266e+00
1.050753808258002131e+00,9.998863635591374033e-01,1.057139407707277989e+00,1.098683438052238337e+00,9.311248026275745771e-01,9.481806272356050336e-01,1.074198009101770879e+00,1.790275749586521803e+00
1.051665553855602564e+00,1.031627879970060224e+00,1.080300197228193815e+00,1.112519278430727176e+00,8.982592435041968359e-01,9.538778836088288582e-01,1.098209144671102422e+00,1.747724990420048696e+00
1.041180668446761270e+00,1.043740400723369488e+00,1.058405998823714222e+00,1.100706735334392450e+00,9.052788632410249114e-01,9.598345812432333979e-01,1.154287193138985979e+00,1.765379493388683940e+00
1.032430268605812218e+00,1.069211682121948614e+00,1.064477659085384609e+00,1.127057249960131236e+00,8.991065058762597317e-01,9.682691087806777341e-01,1.129892224798784595e+00,1.837924056463731581e+00
1.029459871347409683e+00,1.076900866056249795e+00,1.046889794244141081e+00,1.141177316298286337e+00,9.335645150223341737e-01,9.771535528126009673e-01,1.133816648564800467e+00,1.867720293473702720e+00
1.028046851167098374e+00,1.085265384923835175e+00,1.063447409345273487e+00,1.143387645871412950e+00,9.270431304831621144e-01,9.636283700138070785e-01,1.172019967683824104e+00,1.842774063340956614e+00
1.026111297033663217e+00,1.077474422926682385e+00,1.097777317706840394e+00,1.141650357552629558e+00,9.148749027341137596e-01,9.463846523596111115e-01,1.134639137395834441e+00,1.830375599387530805e+00
1.033568397149855489e+00,1.079593015536645551e+00,1.063784493329917868e+00,1.166044227030705205e+00,8.977383466382471422e-01,9.097881375998763120e-01,1.157452789073924793e+00,1.713470653920023068e+00
1.025830002438997468e+00,1.071307603057768842e+00,1.052877864004455155e+00,1.167026543276888706e+00,9.365438812796678114e-01,8.966867654182588687e-01,1.128557870116661643e+00,1.806874362798198241e+00
1.025087500098039950e+00,1.082209259518755129e+00,1.047476929620709152e+00,1.173345229851876503e+00,9.134625054158950208e-01,9.194126140812505232e-01,1.168053496240451405e+00,1.784740448979010852e+00
1.020528763320039278e+00,1.074384575426878374e+00,1.060775957874768638e+00,1.146817902676289469e+00,9.158657362100659505e-01,8.698802515146371039e-01,1.164959123371295702e+00,1.811120616914956516e+00
1.008603975009328524e+00,1.072279731022959925e+00,1.090438759992158557e+00,1.184910740741272672e+00,9.519601098988181853e-01,8.675992551167681643e-01,1.187578323301595962e+00,1.814767149947767333e+00
1.012148370799552444e+00,1.084383180886637099e+00,1.119436403530255086e+00,1.150817417990394276e+00,9.670780323335153028e-01,8.700417178700234899e-01,1.175395280739203407e+00,1.894341959357407346e+00
1.021901240431819735e+00,1.089946835380077417e+00,1.125621035959237348e+00,1.136250657899644967e+00,9.618844006871839492e-01,8.742876337195534253e-01,1.197475255973304398e+00,1.955861421729826910e+00
1.031673114042957584e+00,1.071179906546656291e+00,1.125121013212859511e+00,1.137156007819831061e+00,9.606203941905205879e-01,8.405058222707079141e-01,1.169904381697088880e+00,1.973516116211508020e+00
1.035545403589939184e+00,1.092820844788951362e+00,1.109939468591661482e+00,1.139489430915421986e+00,9.830541427491364947e-01,8.599666604730243913e-01,1.143984850812330700e+00,2.049967112927489676e+00
1.031418567691370969e+00,1.079301947539755169e+00,1.144998497953180205e+00,1.156095815216829692e+00,9.736015722267067352e-01,8.988604614459795306e-01,1.172975903974025957e+00,2.037607674903535671e+00
1.033344854782145328e+00,1.084067241722362906e+00,1.135250273295474344e+00,1.139700138856509781e+00,9.817741790338275765e-01,8.955608309682270285e-01,1.169878157644158811e+00,2.002079286572796768e+00
1.040390975995498346e+00,1.090029235422999898e+00,1.169394855568508973e+00,1.132912725489791050e+00,9.582556235579886561e-01,9.154788324462937998e-01,1.186638442668797921e+00,2.065939549520370289e+00
1.050617618166785894e+00,1.059933361055065859e+00,1.169955451873514685e+00,1.125892913392791739e+00,1.040380557434049669e+00,9.116191036125327329e-01,1.204210573324775879e+00,2.089594365484169991e+00
1.049875994112517308e+00,1.060141716255920352e+00,1.170430938158510958e+00,1.121300540496440901e+00,1.038752479755693958e+00,9.007494142849491459e-01,1.204516333412883888e+00,2.056278029433342702e+00
1.045655934563291201e+00,1.075384192364880809e+00,1.194663175333710248e+00,1.107248338006707078e+00,1.061442235713168758e+00,9.234248976353260918e-01,1.254858207862082908e+00,2.049545307340137956e+00
1.035332611708257078e+00,1.066665458515603460e+00,1.214134477612262231e+00,1.106192126574054857e+00,1.089884388320950581e+00,8.815954230651589230e-01,1.232174168767064870e+00,2.161154393431292675e+00
1.035623236745401687e+00,1.040368567769760721e+00,1.196076084954841523e+00,1.050321377280142077e+00,1.045138775969439715e+00,8.478682416069752703e-01,1.184146376344783702e+00,2.256803392674795905e+00
1.036635753305482854e+00,1.038191168822259147e+00,1.167743496304518569e+00,1.052764062701981196e+00,1.054967513115821598e+00,9.028191089138213332e-01,1.148624429847769690e+00,2.099763265667626388e+00
1.046402504746201112e+00,1.021908762836283735e+00,1.132683351711236241e+00,1.050206412748013740e+00,1.048342943465297772e+00,9.330756758149780783e-01,1.155317402376520253e+00,1.995128888269866119e+00
1.053770924980781620e+00,1.006350832193525058e+00,1.136116505540248456e+00,1.028677829717559167e+00,1.048624048473853154e+00,9.179916922469530949e-01,1.126153862879612388e+00,1.956189815910803098e+00
1.054378382555581473e+00,1.000652480220116658e+00,1.113433046600229570e+00,1.048045942201369263e+00,1.030399495868527637e+00,9.194164470960648483e-01,1.173630348733744055e+00,1.892928989331350342e+00
1.050482483601439476e+00,1.007389546555423454e+00,1.136653967682198063e+00,1.023413921587650099e+00,1.035942834187643102e+00,8.991746723242286521e-01,1.107909555331125784e+00,1.889666534285137089e+00
1.049791614857372934e+00,1.020911492140413879e+00,1.166889432819627981e+00,9.975449704792147543e-01,1.046514219731545348e+00,9.231269253939011765e-01,1.173339301967102122e+00,1.880196499710516056e+00
1.051392117697966144e+00,1.017945927068776735e+00,1.135963299674346505e+00,1.013464483731011168e+00,1.037068993744862722e+00,8.961870020134707904e-01,1.169212515530528407e+00,1.850376121230277393e+00
1.061493081211630329e+00,1.012960643238040692e+00,1.155044050314296467e+00,9.914417045477580404e-01,1.064560828224867750e+00,8.704835028624806625e-01,1.131288796828646692e+00,1.861055076149810361e+00
1.058139255974035908e+00,1.011034924997318729e+00,1.172333855056822083e+00,1.020479899626753895e+00,1.065810468559969859e+00,8.918170710849072647e-01,1.095000689773779179e+00,1.839395388981202695e+00
1.060786961955667351e+00,1.005386258705673219e+00,1.165944117739979191e+00,1.014133458824780565e+00,1.087972636251138603e+00,8.730705475084117317e-01,1.103478793715774620e+00,1.845079739112162942e+00
1.051648163839563610e+00,1.006816064398210919e+00,1.137499975394734353e+00,1.007124423799404145e+00,1.088359159415764887e+00,9.402790011439617901e-01,1.110198637086293738e+00,1.807233612221574637e+00
1.036348494141209775e+00,1.002958326270401601e+00,1.116122939728850350e+00,1.014310635568395291e+00,1.093948153924341193e+00,9.002965331686646477e-01,1.117511764403120944e+00,1.788908482651703213e+00
1.050132300158264753e+00,1.007740167588752955e+00,1.115694819415341321e+00,1.037740767964183464e+00,1.091625832658813966e+00,8.977046445223277882e-01,1.130870918102091727e+00,1.889569793420751820e+00
1.059499457640401543e+00,1.020311222101620841e+00,1.108254871843577849e+00,1.040918507153685502e+00,1.129188654739877506e+00,8.801509984691522348e-01,1.097000523583152143e+00,1.872240297459937919e+00
1.060627350830648075e+00,1.043961391470815903e+00,1.094235593680991103e+00,1.037052541528887595e+00,1.086054840700932944e+00,8.462688569461239707e-01,1.067968177181819245e+00,1.847092740797179777e+00
1.063349790970505415e+00,1.051341912641404974e+00,1.100439845813671935e+00,1.051978222419639009e+00,1.105214092939952986e+00,8.513974368945114168e-01,1.116252908060903826e+00,1.735476403547387747e+00
1.061728264772310748e+00,1.075163950747037855e+00,1.108785233597423980e+00,1.064468827376242155e+00,1.101707268443753218e+00,8.760888514970186502e-01,1.130811754935535651e+00,1.676598273475658374e+00
1.055298893479875266e+00,1.075944841190219714e+00,1.115129334511710146e+00,1.052926321409764610e+00,1.048228576388706257e+00,8.753319265622224732e-01,1.129213562917565028e+00,1.664219275349028582e+00
1.064142019260704508e+00,1.089920371500570973e+00,1.131877113405296287e+00,1.043555531626029653e+00,1.037776822498521101e+00,8.587304880051841449e-01,1.119648099555289544e+00,1.631563261214935334e+00
1.066949144812043837e+00,1.091908618540136988e+00,1.156765229295406705e+00,1.045390769659357177e+00,1.032052546969726370e+00,8.821552147491514839e-01,1.098588649057614886e+00,1.658722616130892558e+00
1.065541233317310654e+00,1.088168257710742326e+00,1.118674890172263403e+00,1.043101699480839084e+00,1.057565308590276532e+00,8.613956174361031559e-01,1.116901973295583828e+00,1.586190685772647102e+00
1.055088190003607984e+00,1.074760577107432447e+00,1.107586653984731440e+00,9.834242891597102521e-01,1.083731482083609921e+00,8.555940190644965027e-01,1.141729477164758588e+00,1.615752239347549191e+00
1.048882872395365817e+00,1.066823683291672653e+00,1.101572688655496846e+00,9.866240470811747931e-01,1.114695861081593353e+00,8.399334559749619400e-01,1.172624422651235676e+00,1.672048099959669187e+00
1.049865915075923306e+00,1.059243974205525740e+00,1.112430228335502536e+00,9.935098526942132136e-01,1.065927124289775429e+00,8.467222335869595273e-01,1.197965652977538209e+00,1.702489978782850466e+00
1.046199595230971280e+00,1.055826502220084340e+00,1.093384185853176538e+00,1.001496841723639619e+00,1.060155298149172420e+00,8.410970759893263704e-01,1.157352891261650196e+00,1.603783853936782355e+00
1.050493432236393243e+00,1.055884140634300250e+00,1.075900371977327685e+00,1.001903064484402694e+00,1.024863405213946699e+00,8.814097351902507871e-01,1.209762029008047302e+00,1.635987649717841830e+00
1.056446244482698971e+00,1.067750936712505094e+00,1.077456765810437034e+00,9.980364452856702595e-01,1.043320336993006414e+00,9.179266489342468027e-01,1.210492950712845683e+00,1.644220747800263949e+00
1.065881210776454147e+00,1.062885483819458576e+00,1.076074816280235380e+00,9.659690410977838093e-01,1.048406110212717124e+00,8.915412419085977369e-01,1.150659034555699289e+00,1.624868463321785139e+00
1.056679186692372818e+00,1.069724671027215024e+00,1.062197811823966109e+00,9.871267901038622838e-01,1.065210664138504404e+00,8.834115866752567658e-01,1.088706926490348392e+00,1.558723799350380856e+00
1.047357742376822332e+00,1.068030804100529085e+00,1.033074038534889993e+00,9.973970423749195513e-01,1.043069995337058353e+00,9.017922281656071126e-01,1.109509268367461887e+00,1.523869184893693163e+00
1.046842715539701985e+00,1.072236181961750745e+00,1.040200958116080265e+00,9.856705361074753480e-01,1.057854755217286336e+00,9.166032786856398440e-01,1.070427645587239240e+00,1.486877748013769596e+00
1.039974752436598093e+00,1.069371634506844249e+00,1.043884283865084583e+00,9.800172927403142387e-01,1.050402119713052862e+00,9.186103290686531420e-01,1.046164960333282323e+00,1.601297740899281674e+00
1.050939633660789685e+00,1.084140959180412311e+00,1.048018093422051988e+00,9.676814057538121183e-01,1.056883621242627136e+00,9.432474800122153669e-01,1.085809468477010542e+00,1.611646974917992470e+00
1.057787912958215282e+00,1.093562504941172575e+00,1.021029740212749726e+00,9.816891605862494430e-01,1.077158536002600142e+00,9.399623852904566146e-01,1.076331967214291474e+00,1.634824441197942679e+00
1.057778704067626085e+00,1.084290108469408320e+00,1.027081315864653899e+00,9.568524927516174339e-01,1.062398742987749056e+00,9.232066410981604188e-01,1.054310640365567542e+00,1.590924987183778949e+00
1.040124826363704402e+00,1.110865482839996643e+00,1.041415479815527956e+00,9.652439768984061308e-01,1.069974031300358286e+00,9.007596716396206737e-01,1.064526870708969009e+00,1.568411309461614778e+00
1.040170356090780457e+00,1.114572188650040152e+00,1.036241973008573014e+00,9.913183694036333815e-01,1.092215154125290688e+00,8.580918084244207877e-01,1.044478111720706925e+00,1.588883550331724681e+00
1.033676608899570137e+00,1.127797668145097409e+00,1.034716720703918069e+00,1.016695013603999609e+00,1.102502685883518296e+00,8.674383536303881259e-01,1.074380115024054172e+00,1.615735489081060461e+00
1.046837115665333773e+00,1.132754783162690959e+00,1.017081621021102444e+00,1.018030578814476561e+00,1.052736825076882488e+00,8.598855171431933897e-01,1.100461434167454788e+00,1.708447351767914180e+00
1.045183447232249430e+00,1.142078203244508261e+00,1.021969699256416897e+00,9.745796750083769444e-01,1.061210666725396878e+00,8.691895023724633962e-01,1.096913338542137906e+00,1.721540932673109703e+00
1.030876145964074286e+00,1.138455920966840784e+00,9.928186509809598936e-01,9.740783697184850487e-01,1.118862607016765098e+00,8.884083510556037844e-01,1.095013433268920089e+00,1.782640849097216762e+00
1.033915364967588513e+00,1.149642278591006983e+00,1.018378524720230827e+00,9.634735760267456595e-01,1.128751873781065340e+00,9.063649485452801580e-01,1.140806936923211889e+00,1.823480075614270168e+00
1.030786750331142754e+00,1.158826105380389437e+00,1.021872898346523062e+00,9.931397537887417526e-01,1.114969335259111682e+00,9.188112849270172466e-01,1.146958227665555441e+00,1.840197054296001777e+00
1.034354268886356731e+00,1.137012438000976733e+00,1.062264826632818293e+00,9.697505699694708436e-01,1.115924707132677440e+00,8.939503654706087987e-01,1.073977575237482496e+00,1.867607866075652545e+00
1.040920460952944993e+00,1.136334880734019448e+00,1.050334425042989794e+00,9.835433805177250521e-01,1.103822972835679650e+00,8.883367935732596754e-01,1.091694985999736689e+00,1.977974912521102357e+00
1.039222228539870452e+00,1.132998671333534269e+00,1.074339663962428304e+00,1.007367768595731405e+00,1.081602127969146343e+00,8.829002500640471540e-01,1.096795137221084904e+00,1.962333661842046162e+00
1.043317997469509484e+00,1.097064251579803695e+00,1.086214486545010294e+00,1.013754203276085120e+00,1.081133526840084125e+00,8.638089954744404553e-01,1.116796118471951926e+00,1.955256238623923393e+00
1.066358173872090642e+00,1.119437131590818257e+00,1.061428526946571749e+00,1.038574361131601842e+00,1.070225509362489724e+00,8.535490220467586431e-01,1.153118661991550331e+00,1.982461831257870344e+00
1.069042917628066469e+00,1.117946643213374669e+00,1.068523723634785982e+00,1.061079076206688843e+00,1.055219945283797589e+00,8.224300024992576841e-01,1.183791482696491482e+00,2.018869429590279818e+00
1.085186105152447400e+00,1.143113896622229841e+00,1.075031247262645762e+00,1.041427656734747131e+00,1.056007391075983959e+00,8.232991497936992253e-01,1.175946308098397397e+00,2.057966904793007590e+00
1.088979122923602327e+00,1.138024951474539748e+00,1.054441723920286123e+00,1.023853819204680660e+00,1.047901988301138010e+00,8.394923257781067294e-01,1.198523707536601091e+00,1.963814410108802422e+00
1.072700624370281242e+00,1.145050404860818327e+00,1.040560748790989143e+00,1.046212248213966189e+00,1.057890305345273507e+00,8.139873993371953276e-01,1.179388940780921491e+00,1.958024208330180427e+00
1.078474656514328167e+00,1.134421099003714684e+00,1.029946652313279642e+00,1.076227906532055689e+00,1.045182851512982847e+00,7.919737839707731153e-01,1.207724333726017063e+00,1.920070310394070390e+00
1.066376165098711359e+00,1.123591501788116398e+00,1.026759335728502753e+00,1.084340942224893745e+00,1.079125436421082052e+00,8.095220701794605400e-01,1.201626746295336945e+00,2.053872351215565217e+00
1.061390972934678434e+00,1.130047421668014307e+00,1.009180677477700128e+00,1.073106090399671864e+00,1.105227255840418366e+00,8.397549901496692559e-01,1.210597497857656801e+00,2.136212339453638531e+00
1.051158990393832537e+00,1.146931884661540835e+00,1.015059250243144806e+00,1.093781558262397535e+00,1.103440186169960535e+00,8.225441724803381760e-01,1.187021829907358494e+00,2.168160236665202856e+00
1.046800665543150988e+00,1.150892971580020685e+00,1.014952551486285603e+00,1.073231874771648275e+00,1.122128022941140113e+00,8.720517720355996927e-01,1.186322694571387393e+00,2.098043049745758726e+00
1.040043269629587375e+00,1.140706064650967466e+00,1.001051680396083832e+00,1.040268018569550090e+00,1.156334116386594557e+00,8.668226819271539485e-01,1.183255837633989671e+00,2.146253463483065893e+00
1.042723652077686580e+00,1.147800407275470169e+00,1.000462803080012009e+00,1.021637508744939415e+00,1.182355659416643112e+00,8.936570814709566823e-01,1.203032983716596283e+00,2.099663453901755350e+00
1.037006523082738330e+00,1.136132375880757328e+00,9.849766125247502169e-01,1.027882067585892178e+00,1.173738430016078027e+00,8.989461090793868792e-01,1.181562844400755763e+00,2.197988589089639344e+00
1.038983901047794367e+00,1.134648454199550738e+00,9.620356635954016022e-01,1.032629041273929626e+00,1.169945657144936479e+00,9.286883487384192115e-01,1.239733777177571605e+00,2.162122348688245488e+00
1.052069440528693001e+00,1.129972487168329209e+00,9.425035836822165392e-01,1.039295045133168616e+00,1.179685618758879118e+00,9.409655610075655652e-01,1.254413905749400149e+00,2.251346937326285325e+00
1.057398698221929445e+00,1.125779646224047026e+00,9.207563914822245454e-01,1.022132509386577848e+00,1.199262618484046028e+00,9.443192928620427473e-01,1.275598663694423873e+00,2.319281175045733168e+00
1.048343004969564563e+00,1.125394943189387265e+00,9.380139365409414509e-01,1.049649520760495447e+00,1.202359099929609210e+00,9.547676516721461670e-01,1.317329955815269349e+00,2.332997186416868374e+00
1.049967908678334672e+00,1.112138324934863531e+00,9.380875678478266533e-01,1.017981471857276832e+00,1.250184012549794943e+00,9.473693398345297556e-01,1.313729017485375739e+00,2.268826332138007107e+00
1.051785215244896099e+00,1.121699264536957230e+00,9.330486667097005471e-01,1.015852946030793014e+00,1.246538923355489104e+00,9.623463181973060943e-01,1.300694248861361313e+00,2.303184886785899277e+00
1.054450593371357714e+00,1.116295111758278447e+00,9.483927323188994229e-01,9.888801793086364755e-01,1.189065225387014202e+00,9.781557011983974537e-01,1.353506675885071564e+00,2.432601280636859542e+00
1.040541050915910093e+00,1.120319398861928661e+00,9.253125616393147457e-01,9.749821010489436723e-01,1.158834670614653728e+00,1.004789786157049614e+00,1.377332645895652741e+00,2.387592111285861129e+00
1.039315951312264064e+00,1.125372170340100952e+00,9.300214309281212843e-01,9.998102616889630312e-01,1.170348165246116512e+00,1.062273031660455835e+00,1.401649854746796153e+00,2.364127732157845774e+00
1.039331825839494350e+00,1.154321887876929242e+00,9.260677059154319712e-01,9.896167520411484064e-01,1.181118897171462123e+00,1.074678943611045989e+00,1.454421704099591928e+00,2.339555189941785240e+00
1.044915576265905255e+00,1.134272181030459015e+00,9.363980059855648852e-01,9.833434969039952511e-01,1.190737602845444831e+00,1.099434161354189143e+00,1.435063306788173287e+00,2.450779298040436149e+00
1.050487536251443865e+00,1.146976446333641597e+00,9.425587336805482108e-01,9.818522169619686712e-01,1.190770870447037666e+00,1.139842037906137806e+00,1.449739766956833709e+00,2.521624834692551609e+00
1.044152668168937925e+00,1.148709835699516901e+00,9.340723325917569264e-01,9.679663131537814547e-01,1.171558564314956419e+00,1.161895774915478130e+00,1.410395605938585151e+00,2.508460009217317488e+00
1.047564686354218511e+00,1.152785956411318091e+00,9.195915606118578722e-01,9.704843427588935034e-01,1.185495183966552846e+00,1.158437358163767472e+00,1.385903779195437613e+00,2.420995289817494012e+00
1.041959791018073345e+00,1.157390081540483617e+00,9.080167040236114540e-01,1.013560900330766179e+00,1.173177559759523980e+00,1.136613445097451658e+00,1.356288061117020050e+00,2.390121817833628537e+00
1.035207511000652669e+00,1.168626200552652206e+00,9.160818684062765893e-01,1.012404867252642449e+00,1.185119626460633180e+00,1.162784930683323115e+00,1.330864102870341403e+00,2.355638676094192530e+00
1.033535346217145046e+00,1.162298470550324314e+00,9.140939053824947980e-01,1.021553983652408348e+00,1.206986142546529361e+00,1.190702239822755137e+00,1.305470706398585978e+00,2.404478990943867522e+00
1.038604714637821447e+00,1.145172999610508668e+00,9.005479174676186416e-01,1.027979827751640318e+00,1.162093999336382355e+00,1.194413593091835368e+00,1.281905835554225215e+00,2.472525145483707387e+00
1.039958455187195208e+00,1.155038267697340748e+00,8.987146185026068101e-01,1.025542696431184453e+00,1.225169271245733382e+00,1.187165682549885526e+00,1.267736342158458651e+00,2.495647221527941717e+00
1.038214630902319469e+00,1.159052328364980067e+00,8.990852703745966235e-01,1.039576261686594005e+00,1.239436972061064068e+00,1.213227871929345669e+00,1.280868077012599304e+00,2.584984212488632416e+00
1.032123091713134544e+00,1.166995225222384747e+00,8.986024769494410647e-01,1.055736801457338725e+00,1.269677310703221984e+00,1.238729467945892670e+00,1.233184042395049085e+00,2.643582671097034265e+00
1.017051637631174454e+00,1.178558524650146655e+00,8.933725499491236288e-01,1.065338792319120875e+00,1.287057196288316607e+00,1.260395521494243276e+00,1.196015415743989285e+00,2.724549811285523759e+00
1.010164117634177572e+00,1.188105423589603804e+00,8.814090126967533134e-01,1.104696661187276607e+00,1.294911371734124517e+00,1.297866151080363073e+00,1.205319610894265203e+00,2.802406200361042377e+00
1.004869710877582589e+00,1.185496188173241761e+00,9.000631841270853029e-01,1.098786410762384369e+00,1.359304200906010118e+00,1.321661660427309926e+00,1.234746410336069689e+00,2.797090336612212624e+00
1.019952641565597729e+00,1.191485887377278674e+00,8.944166999709927124e-01,1.089235102470828442e+00,1.387743999362966774e+00,1.306132844803769233e+00,1.243288625681854720e+00,2.656135492744247095e+00
1.019589841503312666e+00,1.226559012777709956e+00,8.914509891527012675e-01,1.104772746784551618e+00,1.383000546357314064e+00,1.338757463687898497e+00,1.284102321191451068e+00,2.567538039026737273e+00
1.018571951005146081e+00,1.234769717945497280e+00,9.133459178157224967e-01,1.111123075001559712e+00,1.376960133164583988e+00,1.283089733760005124e+00,1.274353614325391515e+00,2.580366681421254249e+00
1.026618094811508453e+00,1.253653254794144134e+00,9.092086554926323005e-01,1.147512282104677483e+00,1.400531761118664065e+00,1.272742715693200077e+00,1.289464213355595357e+00,2.591493202824470377e+00
1.040541638852778172e+00,1.271727881360371182e+00,9.001352360751042614e-01,1.189876059423780053e+00,1.395856593272072121e+00,1.286365084334304409e+00,1.296428562262508244e+00,2.644342673711408409e+00
1.053722764725893990e+00,1.281092909802090229e+00,8.789082258598939212e-01,1.189757800191029835e+00,1.400014443809020737e+00,1.293560893198015815e+00,1.344897856918351176e+00,2.622100330563889692e+00
1.056225691722658677e+00,1.270101600871818004e+00,9.030746021129402168e-01,1.214152863187700770e+00,1.368028907481326772e+00,1.293024245132658789e+00,1.382036439077739320e+00,2.567233418998410954e+00
1.054681591187610179e+00,1.263209659585853517e+00,9.272813953762472083e-01,1.252307281936665628e+00,1.425503357111179925e+00,1.311941036559506113e+00,1.383159311234343658e+00,2.452772996810711703e+00
1.044937487393285291e+00,1.258921493485590792e+00,9.126102742585284755e-01,1.237447508267394802e+00,1.439572630261795272e+00,1.265358372169343326e+00,1.356867939892400177e+00,2.325966099753035810e+00
1.049587599055857190e+00,1.263389573092806639e+00,9.214623572734129686e-01,1.207914828166574361e+00,1.418231228704985636e+00,1.257232195839971034e+00,1.371208082102395087e+00,2.355440769557458403e+00
1.032461050023206983e+00,1.268992091935136735e+00,9.331148078626563258e-01,1.202338386939039605e+00,1.401317231020782428e+00,1.307915068607445663e+00,1.365167005954879054e+00,2.336926909233448590e+00
1.038236144490168211e+00,1.255494898288852967e+00,9.432202360063645097e-01,1.215879210249432685e+00,1.424965811810190885e+00,1.341853651637259226e+00,1.341381285785959276e+00,2.214370591735985272e+00
1.044831719380050261e+00,1.272926112657626785e+00,9.247539587618283097e-01,1.174845168504871529e+00,1.436305313281843299e+00,1.326460094795714362e+00,1.382523363312366138e+00,2.152465056671513999e+00
1.060194789514181224e+00,1.291785149768569951e+00,9.126296830022084805e-01,1.165703018904711730e+00,1.439204890628863476e+00,1.291498044145118929e+00,1.439323975818377344e+00,2.071734190298289313e+00
1.067089215122664081e+00,1.300548417837357418e+00,8.974233718010982130e-01,1.170163797844464337e+00,1.444990578295488826e+00,1.284362118864534885e+00,1.509201481169569981e+00,2.088877930674633454e+00
1.069961024668692584e+00,1.289767113707604107e+00,9.002116795286383422e-01,1.153768396352122361e+00,1.398574262021565762e+00,1.299124961077782858e+00,1.438166320732991998e+00,2.081650705298945692e+00
1.057342927784082898e+00,1.289887524517997264e+00,8.960865648864455579e-01,1.177750492474546107e+00,1.419446083391619817e+00,1.307211966853361496e+00,1.372971522377337994e+00,2.070810646392821308e+00
1.065132299041120501e+00,1.299617007820169423e+00,9.115128594189639832e-01,1.115382173950680400e+00,1.417667893675721658e+00,1.308494607778931007e+00,1.438729987969774582e+00,2.215866031282768489e+00
1.062854307940135801e+00,1.303586891226607314e+00,9.284752980638364406e-01,1.143769758965879513e+00,1.445058596365993431e+00,1.269196627286967471e+00,1.421725999021998366e+00,2.191231096252716615e+00
1.052764999434167459e+00,1.295362299706606102e+00,9.461695942803850512e-01,1.181594738277720547e+00,1.438051955804535931e+00,1.287141445948211782e+00,1.395257225600310846e+00,2.120728221871742925e+00
1.062048496802797004e+00,1.304594577628977348e+00,9.522198601678885099e-01,1.170488996124741554e+00,1.458175559226443152e+00,1.271931183375896612e+00,1.443106722584043045e+00,2.087181846260978801e+00
1.059095625606518265e+00,1.306047686980949862e+00,9.497753545425794419e-01,1.146165295463491995e+00,1.455619622819876557e+00,1.256695282232629385e+00,1.503496725956938729e+00,2.194213272662327352e+00
1.071371708329712957e+00,1.301168331030568170e+00,9.537501819946663240e-01,1.120129670494872887e+00,1.471101533498102132e+00,1.289209819156114545e+00,1.553520063070448431e+00,2.162729214021748891e+00
1.079604904246543651e+00,1.299024703279269888e+00,9.206902926877622573e-01,1.142221042462566283e+00,1.457962896593276492e+00,1.271887069860941910e+00,1.531086713404788302e+00,2.041520308555751395e+00
1.070144224059438764e+00,1.242658584306392200e+00,9.226662509460169526e-01,1.147018298171418316e+00,1.471710137525113149e+00,1.251744982997548217e+00,1.509414383861512610e+00,2.114086394226692089e+00
1.067280341476103844e+00,1.253222858007457585e+00,9.054595623483731037e-01,1.145164565762664566e+00,1.439583373930201526e+00,1.207649206794614294e+00,1.541706505939606675e+00,2.058959270069995906e+00
1.065199563296792107e+00,1.261476463613051768e+00,9.278511756684825196e-01,1.132472894910623085e+00,1.468273609419141090e+00,1.191745404507529971e+00,1.516246071312769006e+00,2.193527844331071286e+00
1.064208693914159731e+00,1.239935700239381378e+00,9.438520066730857749e-01,1.131111686016930351e+00,1.475580742017264635e+00,1.209262333101884135e+00,1.653691223521746245e+00,2.186860922909497518e+00
1.058829469985011373e+00,1.215903901123778219e+00,9.542539553207143310e-01,1.145732468056587905e+00,1.524755666097424411e+00,1.238619104390566994e+00,1.631042774653706839e+00,1.994642863511949082e+00
1.067914673855806740e+00,1.207381940912706231e+00,9.483603011271977135e-01,1.127050975378399045e+00,1.499613069821735589e+00,1.236462351521002700e+00,1.609160994742764084e+00,2.099803724713812603e+00
1.055335697329693900e+00,1.207619644450541818e+00,9.767475262482442355e-01,1.128998782900523246e+00,1.544111959699963510e+00,1.194575718417564270e+00,1.662048032975178113e+00,2.119795245566527875e+00
1.066087076587202365e+00,1.158160369184067839e+00,9.941897801989973971e-01,1.135470897516286160e+00,1.551611401465795570e+00,1.131253290906531594e+00,1.658734795885691504e+00,2.217473844525311932e+00
1.063390282851637059e+00,1.148502869456843323e+00,9.887849566886740549e-01,1.145906839400669952e+00,1.573301053377621939e+00,1.083510250391307217e+00,1.760074470335185604e+00,2.187765706348743677e+00
1.062568016531179271e+00,1.147031456732740429e+00,9.628571245792257871e-01,1.169965603400838772e+00,1.537373487055931909e+00,1.114032244072042266e+00,1.699219951840611031e+00,2.167661509639597472e+00
1.054190404406794901e+00,1.131643581506343255e+00,9.786120948257841512e-01,1.167076799632559725e+00,1.523940458002664977e+00,1.110164121640594415e+00,1.751805727401409607e+00,2.171527777983385921e+00
1.050726480217878178e+00,1.152477868821004447e+00,9.704335069966362193e-01,1.150776534093966186e+00,1.462700395666079789e+00,1.078955612163722932e+00,1.864418909930370516e+00,2.039318743903498543e+00
1.056897081267925254e+00,1.154227292200264765e+00,9.601336684400525456e-01,1.145443158947537343e+00,1.411444243876625038e+00,1.086808624531076850e+00,1.771443778660442003e+00,2.063975885066430482e+00
1.059150398992117381e+00,1.134880006071551373e+00,9.541797769828306297e-01,1.178292477815939598e+00,1.435769889821953749e+00,1.094306799533696140e+00,1.716153492097830524e+00,1.978780115401573170e+00
1.061218395772365541e+00,1.134659613422419167e+00,9.549265154159277680e-01,1.163622776207864140e+00,1.458254811223207881e+00,1.137415216951989771e+00,1.673095892235894500e+00,1.931584986156894779e+00
1.058467630695039574e+00,1.138112450649896967e+00,9.400958272479204014e-01,1.165781340172604486e+00,1.443097133189958248e+00,1.110754835005195229e+00,1.584507706305805286e+00,1.910066594257306960e+00
1.062450720598201892e+00,1.147532578232496769e+00,9.491255085662615443e-01,1.185220764675792404e+00,1.459273533197107842e+00,1.125839321461208797e+00,1.528958177713276578e+00,1.866693979010903170e+00
1.062251556314516066e+00,1.134499259277660377e+00,9.689695620464280346e-01,1.186468467817422656e+00,1.507461719310502657e+00,1.086416851009349260e+00,1.519456482994448354e+00,1.764651501405295253e+00
1.055886459647076503e+00,1.157243934241753314e+00,9.312637115930492149e-01,1.164945926372165985e+00,1.561218644742650152e+00,1.093746432262612700e+00,1.507692020397608079e+00,1.784300636982520283e+00
1.049710850299575116e+00,1.166405099395337652e+00,9.335002548549663492e-01,1.141453371773700320e+00,1.577154736806798629e+00,1.089540111155209212e+00,1.540354780485971631e+00,1.856500527666149480e+00
1.044725282584196613e+00,1.183576732848567570e+00,9.323890795731507586e-01,1.133636496844822927e+00,1.579513848108803797e+00,1.129949211838803480e+00,1.557936611863858900e+00,1.837386384075472057e+00
1.037602133507630198e+00,1.192399830746848188e+00,9.032432669981010909e-01,1.157672916474177027e+00,1.589642569127614813e+00,1.125967836350357576e+00,1.532092407185942973e+00,1.823320833996185941e+00
1.051409975329640423e+00,1.192421196440860864e+00,8.911260018688490492e-01,1.177744666209512348e+00,1.597823677768628325e+00,1.157764641260037530e+00,1.592861241497307567e+00,1.863964605711485145e+00
1.047609218781693441e+00,1.193356007402556651e+00,8.883737627453274222e-01,1.188441484493828249e+00,1.593291596687276046e+00,1.148722329921071372e+00,1.605530815733732020e+00,1.819834218501212408e+00
1.052937516353670055e+00,1.183683539955731945e+00,8.703648095148446284e-01,1.187029060016546511e+00,1.646387197068381880e+00,1.164108668065419350e+00,1.618100400142352235e+00,1.716543174622161771e+00
1.056213948788334633e+00,1.197529317081597044e+00,8.588450488455973142e-01,1.228305601453224982e+00,1.720091391387700730e+00,1.155503049541196203e+00,1.634950844014711357e+00,1.715675475683220430e+00
1.051579976416967321e+00,1.197970083089571425e+00,8.783438609479677917e-01,1.196311156851583180e+00,1.768726527043691599e+00,1.207741696692449906e+00,1.596999601815703995e+00,1.720415526863818378e+00
1.056817563231799317e+00,1.191676136509287831e+00,8.740358902655814832e-01,1.179553258928418114e+00,1.736868589459057421e+00,1.222652605111038904e+00,1.645860614412022471e+00,1.669244396216426729e+00
1.042027838070751278e+00,1.194235236502925845e+00,8.616254776769404211e-01,1.200816118150634271e+00,1.687962919428168229e+00,1.172914677320086252e+00,1.618394862166107284e+00,1.694324079346114953e+00
1.044998680549076964e+00,1.193356837348766852e+00,8.748702588265764302e-01,1.208647379483643869e+00,1.711727078324146500e+00,1.134935538311544034e+00,1.716927018455106202e+00,1.720829652247731989e+00
1.035800024010033571e+00,1.201399145171432092e+00,8.917583987301921367e-01,1.229037762900049735e+00,1.721877194453635074e+00,1.112317989603342161e+00,1.750005900164301353e+00,1.735283304335643262e+00
1.035860482391628867e+00,1.233159264505488073e+00,9.067787890785754534e-01,1.223942334654272601e+00,1.757776507423496781e+00,1.085243803689352138e+00,1.775038920379965468e+00,1.651645680616729672e+00
1.031094108580158375e+00,1.234289187651836039e+00,8.989169648026530401e-01,1.230147610344195508e+00,1.829504368815619397e+00,1.117885697047735327e+00,1.833084063104551076e+00,1.649082609633332197e+00
1.043015488815234759e+00,1.232425794856622181e+00,9.002363256358542065e-01,1.235032181883351399e+00,1.861464047110445552e+00,1.146644583065959511e+00,1.790078702205163186e+00,1.666137679038510511e+00
1.040264957864166284e+00,1.240439497035386252e+00,8.923595881205664826e-01,1.243445013441662805e+00,1.815482060005054077e+00,1.123278437492947646e+00,1.801554962700475881e+00,1.737305788412391028e+00
1.048188735922904513e+00,1.205068329896763268e+00,9.244465366472891521e-01,1.239720979099658171e+00,1.728866431016963023e+00,1.155073538906991049e+00,1.816432055872382989e+00,1.786744608739769147e+00
1.056791299378058158e+00,1.189489825968990999e+00,9.282558225012758069e-01,1.270421187535874852e+00,1.778757549812699956e+00,1.151928790950077275e+00,1.891065837969757357e+00,1.815961369202168330e+00
1.053253260576773487e+00,1.168841883679920368e+00,9.382975928439671875e-01,1.263707151606701995e+00,1.826030616026528719e+00,1.182951667612591962e+00,1.887246241825965676e+00,1.762132561555319610e+00
1.054636366202243547e+00,1.172147140107217655e+00,9.389663663414873351e-01,1.285929381256871951e+00,1.823043325140883741e+00,1.206020333940442946e+00,1.968160638503186011e+00,1.854696417910012718e+00
1.053875436224712026e+00,1.134161786661470828e+00,9.295432279517467089e-01,1.264316137752900637e+00,1.858175417553190822e+00,1.174872771327124310e+00,2.015226309080642597e+00,1.811613424375119408e+00
1.053560413991820655e+00,1.134125083864318428e+00,9.238911999842782663e-01,1.289919472371984677e+00,1.799494281564753884e+00,1.218051749760308500e+00,2.069628857424273605e+00,1.827268310094519510e+00
1.063824934411675915e+00,1.126605316346523278e+00,9.246035588217164092e-01,1.261043769312631069e+00,1.835635393010661920e+00,1.229204733641038105e+00,2.019772870906128670e+00,1.804293431839446793e+00
1.078399448303281716e+00,1.134109800733190898e+00,9.152807474765168871e-01,1.266620165633074446e+00,1.881958791414243715e+00,1.182558307346099902e+00,2.116742413095755726e+00,1.838415532949061459e+00
1.079161593919012674e+00,1.132822634472474999e+00,9.340167445461629026e-01,1.276577974011326999e+00,1.898145019842094161e+00,1.154379213687792616e+00,2.173571902645490272e+00,1.943745060540028824e+00
1.081230819151956624e+00,1.119289763052945696e+00,9.357007913950239342e-01,1.266898366066182113e+00,1.909121559519162403e+00,1.149978092174506417e+00,2.221727906782308359e+00,1.906319012575152794e+00
1.081976944975034272e+00,1.098982759043975799e+00,9.315177111984923597e-01,1.241836521135433191e+00,1.948984872219156284e+00,1.209089100534572303e+00,2.273060073553475391e+00,1.872785585942263742e+00
1.086142617762723805e+00,1.105965128660287178e+00,9.260911134007562273e-01,1.208035207161240354e+00,1.990369779766171909e+00,1.246510110749016409e+00,2.197866653218767397e+00,1.769478559242881444e+00
1.092812461414210734e+00,1.105442264676721464e+00,9.322452214790232228e-01,1.205032874062759829e+00,2.048191803648376386e+00,1.229079460778228494e+00,2.219482577225804665e+00,1.680072921919731455e+00
1.100814454688130439e+00,1.113969677478193310e+00,9.255452032952133923e-01,1.243520541540600988e+00,2.138229180336818747e+00,1.270859231275657697e+00,2.268666932573216499e+00,1.641453279000082643e+00
1.091447754080147048e+00,1.121022190241602878e+00,9.387406627706330609e-01,1.250075655207251168e+00,2.115370057746581267e+00,1.287358711071305173e+00,2.324821523616126040e+00,1.677874086359054440e+00
1.096892318737955341e+00,1.097445604116880524e+00,9.513619894366762697e-01,1.228679586631905130e+00,2.126223907417459813e+00,1.282806032147026043e+00,2.301457583574157972e+00,1.633338954202653071e+00
1.090119320727294117e+00,1.097288376002704569e+00,9.548616058106489390e-01,1.222076048070176224e+00,2.065642238883341086e+00,1.186088460252988863e+00,2.350770583186634344e+00,1.664945685535853093e+00
1.090457607050171251e+00,1.098652426704495477e+00,9.746590707240484486e-01,1.225277161745495391e+00,2.023246882869024876e+00,1.176038010131606137e+00,2.378410741270470474e+00,1.741596948795451238e+00
1.095613269408666213e+00,1.127579953171716998e+00,9.853628354615975304e-01,1.263094920694582513e+00,1.982380408493761514e+00,1.171009846156027656e+00,2.391874048599846869e+00,1.749475769422852434e+00
1.105055164101560683e+00,1.139103200551399686e+00,9.861595753554047716e-01,1.316242418179743190e+00,1.934455638821187984e+00,1.163055088603454079e+00,2.330379334155151305e+00,1.740071168539289337e+00
1.103222233903008886e+00,1.142468958025230963e+00,9.987019106065573304e-01,1.322108538626189267e+00,1.929545888079478466e+00,1.162262331194841014e+00,2.518854426509701483e+00,1.807977353770083839e+00
